{
    "Statewide": 1.0,
    "Augusta-Richmond County, GA-SC": 1.2213801039641277,
    "Charleston-North Charleston, SC": 0.9539875670793262,
    "Charlotte-Concord-Gastonia, NC-SC": 0.9329049689118268,
    "Columbia, SC": 0.5597992143168928,
    "Greenville-Anderson-Mauldin, SC": 1.0156739811912228,
    "Spartanburg, SC": 1.1185298546145688,
    "Sumter, SC": 1.398391713234292
}